tenure,monthly_charges,total_charges,contract_type,gender,senior_citizen,churn
52,105.57,5479.77,one-year,female,0,1
15,103.02,1575.34,month-to-month,female,0,0
61,59.72,3613.22,one-year,female,1,0
21,86.81,1828.49,two-year,female,0,0
24,40.5,995.27,one-year,male,1,0
3,49.31,159.54,month-to-month,female,0,0
22,109.63,2380.74,month-to-month,female,1,0
53,21.3,1114.45,two-year,female,1,0
2,28.55,85.48,month-to-month,female,0,1
30,40.79,1229.08,two-year,male,0,0
38,22.65,811.35,month-to-month,male,0,0
2,38.14,102.39,month-to-month,male,0,1
64,78.3,4965.0,two-year,male,1,0
60,62.14,3753.12,one-year,male,1,0
21,109.27,2264.86,month-to-month,male,0,0
33,101.74,3403.37,one-year,female,0,0
58,54.18,3129.33,month-to-month,male,1,1
22,45.94,993.42,month-to-month,male,0,0
49,57.97,2805.38,month-to-month,female,1,1
59,79.03,4643.3,month-to-month,male,0,0
42,46.81,2003.53,one-year,female,1,0
60,82.41,4994.53,one-year,female,1,0
15,60.94,900.95,month-to-month,male,1,0
62,75.2,4657.55,month-to-month,female,1,0
62,63.61,3966.19,one-year,male,1,0
47,49.45,2362.61,two-year,male,0,0
62,114.85,7129.71,two-year,female,1,0
51,96.36,4903.54,one-year,female,0,1
55,34.01,1861.88,month-to-month,male,1,0
64,106.85,6857.76,month-to-month,female,1,0
3,68.74,156.55,two-year,female,0,0
51,109.46,5594.18,two-year,male,0,0
7,99.99,685.45,one-year,male,0,0
21,62.52,1342.37,two-year,female,0,0
39,22.25,826.93,one-year,male,1,0
18,46.87,852.44,two-year,male,0,0
4,74.16,294.75,two-year,male,1,0
60,83.35,5015.1,two-year,male,0,0
14,45.79,597.53,month-to-month,male,0,0
9,33.94,313.42,month-to-month,male,1,1
53,103.49,5491.28,month-to-month,male,1,1
2,118.44,242.95,two-year,female,0,1
60,72.57,4364.49,one-year,male,1,0
71,37.17,2656.57,one-year,female,1,0
44,47.23,2108.65,one-year,female,1,0
8,21.84,151.69,one-year,female,1,1
47,111.43,5269.71,month-to-month,male,1,1
35,31.78,1111.95,month-to-month,male,1,0
36,77.65,2753.17,two-year,female,1,0
50,47.41,2326.13,two-year,male,1,1
4,75.42,285.1,one-year,female,0,1
2,85.14,198.77,month-to-month,male,1,1
6,102.97,638.61,one-year,male,0,0
54,40.64,2223.54,two-year,female,1,0
4,21.1,86.13,two-year,female,1,1
54,33.69,1813.2,one-year,female,1,1
63,110.0,6894.86,two-year,male,1,0
18,107.39,1915.82,one-year,female,0,0
44,79.74,3502.02,month-to-month,male,0,0
34,80.05,2680.62,one-year,male,1,0
62,86.5,5335.29,month-to-month,male,0,0
14,37.54,535.34,month-to-month,female,1,0
48,111.44,5372.74,two-year,female,1,0
15,61.88,977.99,two-year,female,0,0
62,58.31,3658.77,two-year,male,0,0
40,71.89,2889.93,one-year,male,1,0
53,24.7,1301.04,one-year,female,1,0
24,36.63,892.7,two-year,male,0,0
26,93.8,2467.45,one-year,male,1,1
60,28.28,1658.63,two-year,female,0,0
41,80.32,3283.91,one-year,female,1,0
29,44.53,1325.49,month-to-month,female,1,1
15,58.93,872.33,month-to-month,male,0,0
45,48.87,2206.31,two-year,male,0,0
65,55.57,3620.65,one-year,male,0,0
71,91.9,6493.67,one-year,male,1,0
9,49.71,433.63,month-to-month,male,1,1
1,76.64,60.09,month-to-month,female,1,1
8,67.61,493.46,two-year,male,1,1
63,86.37,5393.55,month-to-month,male,0,1
11,113.68,1283.68,two-year,male,1,1
8,93.26,723.36,month-to-month,female,1,1
35,41.49,1454.1,month-to-month,female,1,1
35,23.12,789.01,one-year,female,0,0
33,46.23,1569.54,month-to-month,male,1,1
5,79.51,373.47,month-to-month,female,1,1
41,25.14,1023.81,two-year,female,0,0
28,69.64,1987.1,month-to-month,female,1,1
7,79.68,591.98,two-year,male,1,1
12,53.42,609.7,month-to-month,female,0,1
34,97.09,3331.37,month-to-month,male,1,1
33,30.66,1007.59,two-year,male,1,0
48,27.51,1318.96,one-year,female,1,0
23,92.82,2098.18,two-year,male,0,0
62,69.55,4270.11,two-year,female,1,0
37,88.84,3309.88,two-year,male,1,0
44,63.48,2792.89,one-year,female,0,0
35,44.64,1556.09,month-to-month,female,0,0
65,101.91,6647.12,two-year,female,1,1
47,99.94,4723.81,two-year,male,1,0
3,89.47,234.3,one-year,female,1,0
1,47.21,58.24,two-year,male,1,1
5,79.02,358.65,month-to-month,female,0,1
14,56.1,810.5,one-year,male,1,0
27,29.16,802.97,month-to-month,male,0,0
9,111.73,1051.24,month-to-month,female,0,1
15,33.68,462.12,one-year,female,1,0
42,115.02,4786.7,two-year,female,1,0
51,64.6,3272.85,month-to-month,female,0,0
63,38.51,2402.51,month-to-month,female,0,0
52,74.19,3832.58,month-to-month,male,1,1
4,107.29,469.8,month-to-month,female,0,1
23,93.22,2119.07,one-year,female,1,1
15,100.66,1487.04,one-year,male,1,0
43,85.88,3718.71,month-to-month,female,0,1
29,89.23,2582.58,two-year,female,0,0
36,104.92,3804.78,month-to-month,male,1,0
13,44.97,541.11,two-year,female,0,0
32,68.94,2204.92,month-to-month,female,1,1
71,42.12,2943.95,two-year,female,1,0
59,118.77,6963.51,month-to-month,male,1,1
28,114.41,3244.01,two-year,female,0,0
66,23.94,1544.14,month-to-month,male,1,1
42,90.56,3806.66,month-to-month,female,1,1
45,112.52,5054.73,two-year,male,1,1
62,38.06,2344.3,one-year,female,1,0
57,76.79,4417.27,two-year,male,1,0
6,111.55,621.48,one-year,male,1,1
28,23.39,671.43,month-to-month,male,1,0
28,89.74,2559.12,two-year,male,1,1
44,49.73,2194.35,two-year,male,1,0
30,112.44,3416.87,two-year,male,1,1
62,117.11,7215.79,one-year,female,1,0
62,114.43,7086.33,one-year,female,0,0
1,67.42,43.44,month-to-month,male,1,1
27,106.2,2890.6,one-year,male,1,0
62,104.45,6524.34,one-year,male,1,1
3,51.91,131.38,month-to-month,male,0,1
70,102.89,7217.83,two-year,female,1,0
27,23.7,609.73,two-year,male,0,0
9,79.63,723.18,month-to-month,female,1,1
62,43.0,2662.45,two-year,female,1,0
37,32.06,1233.3,one-year,male,0,0
51,27.7,1423.31,month-to-month,male,1,0
44,89.63,3928.62,month-to-month,female,0,0
24,53.99,1257.11,month-to-month,female,0,0
59,92.48,5421.25,two-year,male,1,1
32,26.54,821.67,month-to-month,male,1,0
52,51.53,2654.61,month-to-month,male,1,0
62,73.95,4619.91,month-to-month,female,1,1
58,99.07,5752.32,two-year,female,0,0
52,51.88,2699.85,one-year,male,0,0
12,82.59,952.55,month-to-month,female,1,0
39,108.6,4271.33,one-year,female,0,0
2,81.59,185.45,two-year,male,0,1
3,43.3,86.65,two-year,male,1,0
56,22.44,1277.43,two-year,female,0,0
59,107.01,6317.94,two-year,female,0,0
2,22.13,2.43,one-year,male,1,1
2,107.47,210.77,month-to-month,male,0,1
54,72.89,3934.73,two-year,male,1,0
1,113.91,80.48,two-year,male,0,1
19,99.88,1942.26,one-year,male,1,0
2,119.79,274.58,one-year,female,0,1
53,55.07,2935.67,two-year,female,0,0
44,96.72,4251.86,month-to-month,female,1,1
32,60.19,1917.36,month-to-month,female,1,1
70,67.99,4774.23,two-year,male,1,0
32,82.75,2652.56,one-year,male,1,0
68,107.37,7257.23,two-year,male,0,0
55,118.41,6513.71,two-year,female,0,0
56,96.83,5452.97,one-year,female,0,0
17,61.78,1046.13,two-year,female,1,0
38,62.14,2316.35,two-year,male,0,0
24,93.76,2278.83,two-year,female,0,1
69,43.88,2997.7,one-year,male,1,0
70,31.05,2149.18,month-to-month,male,1,0
11,55.46,576.56,month-to-month,male,0,1
16,48.72,762.6,one-year,male,1,0
59,49.63,2953.89,month-to-month,male,0,1
70,43.36,3037.19,two-year,male,0,0
3,24.21,43.12,month-to-month,female,1,1
20,21.79,473.53,two-year,male,0,0
59,118.77,7045.52,month-to-month,male,1,1
36,62.78,2297.04,one-year,female,1,0
19,58.43,1084.1,month-to-month,male,0,0
67,87.96,5888.76,month-to-month,female,0,0
19,41.83,843.18,month-to-month,female,0,1
20,115.0,2327.12,one-year,female,1,0
71,98.63,6955.77,month-to-month,male,0,0
52,28.94,1461.46,one-year,male,1,1
33,61.76,2034.41,two-year,female,1,0
40,107.91,4357.4,month-to-month,male,0,0
39,114.47,4468.33,one-year,male,1,0
1,66.74,66.52,one-year,female,0,1
11,81.34,855.3,month-to-month,female,0,1
57,36.7,2107.77,two-year,male,0,0
50,119.12,5988.05,one-year,female,0,0
23,43.17,980.89,month-to-month,female,0,0
31,114.27,3570.03,two-year,female,0,0
42,84.96,3614.96,one-year,male,0,0
7,80.77,535.79,one-year,male,1,0
16,71.27,1142.63,two-year,male,0,0
60,43.07,2562.73,two-year,female,1,0
2,37.65,104.59,month-to-month,male,1,1
1,42.05,49.81,month-to-month,female,1,1
48,38.64,1868.36,one-year,male,0,0
12,97.96,1205.29,two-year,male,1,0
69,55.01,3785.46,two-year,female,1,1
37,25.78,995.53,two-year,male,0,0
32,116.91,3744.43,one-year,female,0,0
9,108.38,941.2,two-year,male,1,1
19,112.78,2162.32,two-year,male,0,1
48,119.49,5764.88,one-year,female,0,1
3,37.39,93.84,month-to-month,female,0,1
20,59.62,1228.2,month-to-month,female,0,1
24,95.82,2340.39,one-year,male,1,0
54,89.6,4816.2,two-year,male,0,0
33,35.39,1216.21,one-year,male,0,0
24,101.58,2402.07,month-to-month,female,0,0
36,42.44,1498.19,month-to-month,female,1,1
38,42.38,1578.93,one-year,female,1,0
25,73.7,1881.84,one-year,male,0,0
18,79.29,1442.72,month-to-month,male,0,0
66,78.01,5113.78,one-year,female,1,0
54,29.15,1568.06,month-to-month,male,0,0
35,107.75,3782.64,one-year,female,0,0
61,46.56,2798.51,one-year,male,1,0
41,32.95,1389.25,one-year,male,0,0
33,108.87,3623.23,month-to-month,female,0,1
68,115.57,7858.95,one-year,male,1,0
33,106.21,3551.73,month-to-month,male,1,1
14,100.95,1405.1,month-to-month,female,0,0
21,85.52,1844.42,one-year,female,1,0
48,75.09,3620.91,one-year,male,0,0
20,28.7,587.44,month-to-month,female,0,0
8,60.85,453.36,month-to-month,male,0,1
7,57.27,439.07,two-year,female,1,1
67,45.98,3073.1,month-to-month,male,1,1
17,92.34,1536.04,two-year,male,0,0
33,69.59,2247.65,two-year,female,0,0
48,28.1,1355.0,two-year,male,1,0
59,42.02,2481.82,one-year,male,1,0
22,88.33,1965.1,one-year,female,1,0
30,27.61,867.42,month-to-month,female,0,1
38,105.12,3952.53,two-year,male,1,0
51,69.51,3568.4,one-year,female,1,0
54,68.06,3643.91,one-year,female,0,0
8,79.24,669.74,one-year,male,0,1
27,102.47,2798.54,one-year,male,0,1
27,54.78,1483.16,one-year,female,1,0
21,87.8,1864.86,two-year,female,0,0
30,76.57,2278.63,two-year,female,0,0
28,46.7,1304.8,two-year,male,0,0
64,107.86,6935.4,two-year,male,0,1
69,99.74,6878.17,month-to-month,male,1,1
61,85.85,5222.34,two-year,male,0,0
48,105.06,5042.21,one-year,male,1,0
19,106.73,2060.68,two-year,male,1,1
4,90.84,346.87,month-to-month,male,1,1
35,103.7,3596.92,one-year,female,0,0
64,89.75,5765.02,two-year,female,1,0
49,88.01,4345.29,two-year,male,0,0
17,81.86,1351.7,two-year,male,0,0
44,95.27,4165.94,one-year,male,0,1
30,35.86,1040.01,one-year,female,1,0
46,108.09,4956.8,month-to-month,male,0,0
6,107.18,638.14,one-year,female,0,1
37,22.92,873.1,one-year,female,0,0
24,102.58,2477.07,two-year,female,1,0
46,32.89,1524.89,one-year,female,1,0
53,53.51,2821.37,two-year,female,1,0
60,94.35,5695.19,two-year,male,0,0
63,36.08,2269.92,one-year,male,1,0
32,101.8,3305.4,month-to-month,female,0,0
33,103.21,3419.46,month-to-month,male,0,0
67,70.75,4702.66,one-year,female,1,0
18,20.64,389.11,month-to-month,female,0,1
25,48.7,1200.11,two-year,male,1,0
54,81.69,4430.04,two-year,male,0,0
58,118.12,6807.84,one-year,male,1,0
67,83.18,5540.64,month-to-month,male,0,0
46,45.98,2150.67,month-to-month,male,0,0
24,83.4,1974.33,two-year,female,0,0
32,74.0,2401.66,one-year,male,0,0
47,97.98,4583.2,month-to-month,male,0,0
23,30.7,720.34,one-year,male,1,0
66,96.1,6362.2,month-to-month,female,0,1
27,74.13,2002.69,two-year,male,1,1
2,116.3,213.13,two-year,female,1,1
17,54.19,892.45,one-year,male,1,0
33,83.26,2700.97,two-year,male,0,0
9,113.2,999.22,month-to-month,female,0,1
43,30.25,1316.11,two-year,male,0,0
48,113.72,5502.53,one-year,male,1,0
39,88.79,3499.87,one-year,female,0,0
42,26.78,1151.52,one-year,male,0,0
26,50.1,1331.35,month-to-month,female,1,1
50,90.82,4557.36,month-to-month,female,1,1
25,26.74,644.41,month-to-month,female,1,1
24,78.22,1917.93,month-to-month,female,1,0
13,54.59,726.72,month-to-month,female,1,1
60,82.09,4931.54,two-year,male,1,0
7,24.57,133.12,month-to-month,male,0,1
57,107.15,6102.47,month-to-month,male,1,0
36,117.35,4220.6,two-year,female,0,1
45,116.89,5296.41,month-to-month,female,0,1
20,94.97,1903.97,one-year,female,0,0
65,33.01,2133.6,month-to-month,female,1,1
8,95.83,814.29,month-to-month,male,0,1
16,22.46,320.41,one-year,male,1,0
14,22.21,303.23,one-year,female,1,0
15,52.36,739.62,one-year,female,0,0
66,68.86,4569.04,one-year,male,1,0
32,97.04,3147.11,month-to-month,female,0,0
63,88.33,5542.76,one-year,female,0,0
51,64.59,3329.94,one-year,female,1,0
25,47.36,1163.29,two-year,male,0,0
58,119.71,6984.4,one-year,male,0,0
63,62.62,3970.34,one-year,female,0,0
62,65.14,4069.09,two-year,male,1,0
22,36.36,751.77,two-year,female,0,0
58,99.48,5816.18,month-to-month,female,1,0
58,89.37,5206.02,two-year,male,1,0
49,42.08,2042.25,month-to-month,female,0,0
52,28.24,1501.32,two-year,female,0,0
42,88.05,3676.25,two-year,male,1,0
70,85.45,6018.85,month-to-month,female,1,0
15,47.33,671.15,two-year,female,0,0
54,115.09,6235.03,month-to-month,female,0,1
60,35.11,2110.42,two-year,male,1,0
8,63.23,465.52,one-year,female,1,1
53,114.36,6035.35,two-year,male,1,1
60,61.97,3669.6,month-to-month,female,1,0
5,83.85,416.14,two-year,female,1,1
68,59.76,4043.77,month-to-month,female,0,0
6,47.42,294.36,month-to-month,female,1,1
47,118.4,5544.42,one-year,male,1,0
55,60.93,3331.33,one-year,male,0,0
40,109.41,4400.72,month-to-month,female,0,1
52,43.0,2190.58,two-year,female,1,0
16,41.31,701.26,month-to-month,female,1,0
13,23.11,335.7,month-to-month,female,0,0
30,85.17,2571.78,two-year,female,1,0
19,56.85,1089.52,two-year,female,1,0
17,106.44,1848.64,two-year,female,0,0
63,67.32,4209.76,two-year,female,1,1
19,116.82,2177.46,month-to-month,male,0,0
58,38.55,2210.0,month-to-month,male,0,0
55,106.86,5906.89,one-year,male,0,0
62,97.66,6008.37,month-to-month,female,0,0
23,97.09,2241.4,two-year,female,1,1
9,104.48,989.85,one-year,female,0,1
12,96.1,1188.8,two-year,male,1,1
1,82.62,84.77,month-to-month,female,1,1
58,33.12,1877.58,one-year,male,1,0
1,23.25,56.39,two-year,female,1,1
34,112.08,3820.78,one-year,male,1,1
48,81.67,3881.41,one-year,male,0,0
1,99.65,59.04,month-to-month,male,0,1
16,68.15,1131.4,two-year,female,0,0
61,31.73,1952.5,one-year,male,0,0
64,32.52,2114.12,one-year,female,1,1
63,88.56,5616.96,two-year,female,0,0
69,63.03,4356.29,one-year,female,1,0
22,40.05,882.9,one-year,female,1,0
67,69.16,4626.73,one-year,female,0,0
26,26.42,668.64,two-year,male,0,0
16,78.2,1244.61,two-year,female,0,0
51,46.9,2419.25,two-year,female,0,0
57,99.76,5696.28,two-year,female,1,1
29,51.04,1519.3,month-to-month,female,1,0
69,65.52,4515.36,one-year,female,0,0
47,21.16,1005.33,two-year,male,1,0
62,27.24,1702.3,one-year,male,1,0
69,59.25,4097.38,one-year,female,1,0
16,67.99,1108.17,month-to-month,male,0,1
48,80.0,3813.84,two-year,male,1,0
39,49.17,1918.72,two-year,female,0,0
33,89.5,2913.86,one-year,male,0,0
23,106.01,2426.73,two-year,female,1,0
10,97.99,978.62,one-year,male,1,1
69,23.96,1668.59,one-year,male,0,0
34,68.05,2358.78,month-to-month,male,1,1
52,30.49,1595.7,month-to-month,female,1,0
10,44.2,466.4,month-to-month,male,0,1
19,118.67,2255.29,one-year,male,0,1
58,34.25,1999.88,two-year,female,0,0
1,69.89,26.98,month-to-month,female,0,1
69,81.82,5620.71,two-year,male,1,0
4,90.25,347.17,month-to-month,female,1,1
16,75.96,1212.69,month-to-month,male,0,1
24,20.98,458.01,one-year,male,0,0
2,52.65,69.29,month-to-month,female,0,1
32,71.77,2274.36,month-to-month,female,1,1
24,28.79,738.03,one-year,female,0,0
12,55.06,643.89,two-year,male,1,0
50,23.32,1164.22,month-to-month,female,0,0
35,27.86,944.63,one-year,male,0,0
33,59.69,1980.92,month-to-month,female,0,0
33,33.27,1076.03,one-year,male,1,0
61,76.75,4652.7,two-year,female,1,0
51,88.95,4537.93,two-year,male,1,0
43,100.06,4253.07,one-year,female,0,0
12,40.02,430.95,one-year,male,1,0
67,36.75,2434.04,one-year,female,1,0
65,30.46,1933.36,two-year,female,0,0
33,83.64,2721.02,month-to-month,male,0,0
40,90.65,3609.79,two-year,female,1,0
43,23.16,1026.08,one-year,male,1,0
44,113.62,5006.54,one-year,male,1,1
29,25.2,731.98,two-year,female,1,0
13,74.13,943.03,one-year,male,0,0
12,90.91,1134.05,two-year,female,0,1
46,107.1,4916.16,one-year,female,0,0
2,91.41,141.53,month-to-month,male,1,1
35,100.17,3517.75,month-to-month,female,1,1
8,53.95,392.94,one-year,male,0,1
26,101.48,2623.07,two-year,male,0,1
34,28.01,953.13,month-to-month,female,1,0
7,109.48,803.79,two-year,female,1,1
68,74.76,5082.98,one-year,male,0,0
58,101.73,5920.55,two-year,male,0,0
29,65.23,1941.0,month-to-month,female,0,0
36,84.36,3000.03,two-year,female,1,0
21,72.64,1502.92,two-year,female,1,0
36,93.16,3343.18,one-year,female,1,0
10,28.16,273.81,one-year,male,1,0
24,26.04,615.95,one-year,female,1,0
64,44.71,2902.22,month-to-month,male,1,1
49,35.95,1783.17,month-to-month,male,0,1
36,107.18,3869.21,one-year,female,0,0
24,41.92,987.05,one-year,male,1,0
23,117.59,2736.87,month-to-month,female,0,1
62,53.69,3374.26,month-to-month,male,1,1
37,38.21,1445.96,month-to-month,female,0,1
12,98.97,1137.79,month-to-month,male,1,0
55,85.87,4736.53,one-year,male,0,0
13,69.82,862.77,month-to-month,female,0,0
23,75.54,1713.1,one-year,female,1,0
30,91.92,2713.56,two-year,male,1,0
17,42.85,738.75,two-year,male,0,0
62,119.63,7435.93,month-to-month,female,0,1
13,117.48,1488.68,two-year,male,1,0
59,85.03,5005.31,two-year,female,0,0
19,39.95,754.75,two-year,male,1,0
49,88.02,4300.02,month-to-month,female,1,0
12,27.22,288.74,month-to-month,male,0,0
61,23.07,1398.88,two-year,female,1,0
19,45.77,894.72,one-year,female,0,0
9,66.26,553.46,two-year,male,0,1
71,106.83,7542.75,month-to-month,female,1,0
28,92.72,2581.55,month-to-month,male,0,0
52,94.27,4946.25,month-to-month,female,1,0
16,62.55,1017.65,two-year,female,1,0
69,54.59,3784.82,one-year,female,1,0
12,57.1,671.44,month-to-month,male,0,0
25,118.76,2978.49,month-to-month,female,1,1
52,24.01,1199.58,two-year,male,0,0
53,106.7,5668.88,one-year,female,1,0
23,77.87,1832.28,two-year,male,1,0
16,63.86,1033.04,month-to-month,male,1,0
57,92.53,5311.34,one-year,male,0,0
39,68.67,2700.41,one-year,female,0,0
53,107.34,5651.2,month-to-month,male,1,1
42,110.07,4663.19,one-year,female,1,0
58,62.17,3562.63,one-year,male,0,0
39,47.68,1863.03,two-year,male,0,0
14,79.24,1073.5,month-to-month,male,0,0
5,111.24,507.35,month-to-month,male,1,1
35,41.07,1429.52,month-to-month,female,0,1
18,82.3,1460.84,month-to-month,male,1,1
9,83.16,747.0,month-to-month,male,0,1
58,93.31,5419.78,one-year,female,1,0
17,33.16,518.04,two-year,male,1,0
7,91.58,603.38,month-to-month,male,1,1
46,110.9,5107.41,two-year,male,0,0
13,37.97,477.9,two-year,male,0,0
40,43.75,1773.09,one-year,female,0,0
42,117.14,4935.09,month-to-month,female,1,1
9,38.1,377.44,one-year,male,1,1
50,105.44,5291.17,month-to-month,female,0,0
27,69.23,1862.14,one-year,female,1,0
66,44.72,2969.02,two-year,male,1,0
5,107.07,512.91,month-to-month,female,1,1
29,64.53,1852.02,two-year,male,0,0
37,71.48,2673.72,two-year,female,1,1
38,55.92,2119.73,one-year,female,0,0
8,79.3,664.2,month-to-month,female,0,1
65,36.35,2395.15,two-year,male,0,0
17,59.11,1040.59,one-year,female,0,0
71,116.94,8344.49,month-to-month,male,0,1
45,45.81,2054.7,month-to-month,male,1,1
4,85.67,324.58,two-year,female,0,1
36,52.52,1898.9,month-to-month,male,0,0
70,97.35,6801.43,two-year,female,0,0
31,33.09,1035.82,month-to-month,male,1,0
19,116.98,2243.22,one-year,male,1,0
61,65.38,4006.96,two-year,female,1,0
54,43.61,2342.13,two-year,female,1,0
39,27.35,1033.32,month-to-month,female,0,0
19,36.98,695.59,month-to-month,female,0,0
39,71.98,2771.38,two-year,male,1,0
67,53.7,3636.93,month-to-month,male,1,0
45,102.89,4614.56,one-year,male,1,0
13,63.09,785.6,month-to-month,female,1,0
58,44.87,2555.09,one-year,male,0,0
20,81.71,1648.87,one-year,female,1,1
61,90.68,5545.03,one-year,male,1,1
39,36.7,1415.52,one-year,female,1,0
1,36.76,-6.07,one-year,male,1,1
3,23.67,61.96,month-to-month,male,1,1
62,93.64,5786.81,one-year,female,1,0
63,86.38,5459.68,month-to-month,male,1,0
25,67.46,1697.16,one-year,female,0,0
56,104.42,5833.81,two-year,male,0,1
33,100.57,3290.5,one-year,male,0,0
38,78.54,3033.15,two-year,female,0,0
6,106.83,636.36,one-year,female,0,1
58,40.58,2372.71,one-year,male,0,0
44,31.19,1336.5,one-year,male,1,0
45,46.97,2112.43,two-year,male,1,1
32,25.71,775.43,two-year,male,0,0
45,73.12,3290.81,one-year,male,1,0
61,113.66,6979.7,month-to-month,male,0,0
47,23.93,1113.34,one-year,female,1,0
21,32.21,630.33,two-year,female,1,0
36,65.22,2301.01,one-year,female,1,0
19,113.39,2143.16,two-year,male,1,0
20,51.62,998.31,two-year,male,1,0
57,70.72,3983.57,two-year,male,1,0
18,24.16,460.45,one-year,female,0,0
47,34.83,1633.07,two-year,female,0,0
49,118.66,5793.41,two-year,male,1,1
14,116.51,1671.17,one-year,male,0,0
15,20.49,269.02,two-year,female,1,0
31,115.18,3616.21,one-year,female,0,0
1,83.91,65.31,two-year,female,1,1
54,106.79,5805.6,month-to-month,male,0,0
3,65.47,206.72,month-to-month,male,1,1
16,71.56,1177.62,two-year,male,0,0
57,68.88,3974.83,month-to-month,female,1,0
12,86.69,1019.08,one-year,female,0,0
16,33.97,589.56,month-to-month,male,1,1
24,23.0,540.88,two-year,male,1,0
28,50.79,1410.76,two-year,female,1,0
8,90.47,707.78,one-year,male,0,1
36,40.19,1450.81,two-year,female,0,0
8,87.34,664.16,one-year,female,0,1
58,116.99,6790.86,month-to-month,male,1,1
60,29.39,1767.57,month-to-month,female,0,0
50,87.26,4389.2,one-year,male,1,0
28,64.38,1835.87,one-year,female,0,0
41,106.81,4373.43,two-year,female,0,0
64,37.71,2393.99,month-to-month,male,0,0
27,89.26,2386.02,one-year,female,0,0
63,103.81,6509.59,month-to-month,male,1,0
17,114.46,1901.61,one-year,male,0,1
33,88.32,2898.96,month-to-month,female,0,1
29,69.72,1998.83,two-year,male,1,0
13,81.78,1109.84,month-to-month,male,1,1
46,106.89,4922.73,month-to-month,male,0,0
35,77.06,2681.86,month-to-month,male,0,0
6,23.04,146.28,month-to-month,male,1,1
69,113.09,7767.47,month-to-month,male,1,1
47,88.95,4175.18,two-year,female,1,0
25,87.65,2203.91,one-year,male,0,0
66,41.57,2742.35,month-to-month,female,0,0
10,85.89,849.06,two-year,female,0,0
56,59.39,3375.03,month-to-month,male,1,0
30,85.12,2591.73,month-to-month,female,1,0
5,30.66,165.64,one-year,female,1,0
33,85.78,2837.83,month-to-month,male,0,0
65,119.94,7808.26,two-year,male,1,0
18,24.82,416.91,two-year,male,0,0
49,117.72,5757.67,one-year,female,1,0
11,60.69,621.54,month-to-month,female,0,1
26,107.08,2781.51,two-year,male,0,0
63,98.24,6193.33,month-to-month,male,1,1
59,76.7,4498.17,month-to-month,female,0,0
27,93.84,2580.22,month-to-month,female,1,1
49,107.85,5325.67,one-year,female,0,1
33,60.41,2015.88,month-to-month,female,1,0
1,52.7,56.04,two-year,male,1,1
21,86.76,1858.94,month-to-month,female,0,0
55,100.78,5506.22,two-year,female,1,0
6,96.23,606.42,month-to-month,female,0,1
69,99.78,6847.4,two-year,female,1,0
5,63.56,347.21,two-year,male,1,1
3,101.78,282.93,month-to-month,male,1,1
53,32.02,1734.82,month-to-month,female,1,1
23,74.45,1756.73,two-year,female,0,0
53,20.58,1055.4,one-year,male,1,0
37,52.46,1937.24,month-to-month,male,1,1
17,56.65,1011.08,one-year,female,0,0
1,59.62,57.96,month-to-month,female,0,1
51,89.55,4603.24,month-to-month,male,0,0
45,58.86,2657.38,month-to-month,male,0,0
4,64.87,247.01,month-to-month,male,0,1
62,43.75,2691.35,one-year,male,0,0
65,57.33,3696.46,month-to-month,male,1,1
32,42.73,1393.44,two-year,male,0,0
34,27.32,917.52,two-year,female,1,0
39,80.34,3134.58,one-year,male,0,0
26,86.82,2256.59,month-to-month,male,1,1
34,81.95,2794.0,two-year,male,1,0
54,66.35,3619.43,one-year,male,1,0
3,57.98,222.01,month-to-month,female,0,1
50,106.33,5307.43,two-year,female,0,0
12,71.91,895.65,two-year,male,0,0
65,67.92,4441.13,one-year,female,0,0
54,22.56,1225.82,month-to-month,female,1,0
5,54.12,316.23,month-to-month,female,0,0
57,58.02,3277.16,two-year,female,1,0
17,59.88,978.93,two-year,female,1,0
47,78.02,3702.21,two-year,female,0,0
23,73.36,1681.2,month-to-month,male,0,1
14,80.79,1165.76,one-year,male,0,0
66,96.49,6407.54,one-year,male,1,0
51,101.3,5122.47,month-to-month,male,0,0
38,91.81,3527.21,one-year,male,1,0
64,115.55,7390.18,two-year,female,0,0
38,21.82,830.33,one-year,male,1,0
50,39.58,1991.55,one-year,male,0,0
30,20.76,665.33,one-year,female,0,0
51,84.75,4274.03,two-year,female,1,0
63,109.8,6915.28,month-to-month,male,0,1
52,44.35,2324.88,two-year,female,0,0
38,112.7,4305.0,month-to-month,female,0,1
30,26.03,800.06,month-to-month,female,0,0
51,113.44,5749.07,month-to-month,female,0,1
5,55.16,255.75,one-year,male,0,0
29,30.14,859.99,one-year,female,0,0
4,68.59,304.79,month-to-month,male,1,1
10,45.68,434.65,month-to-month,male,1,1
56,48.49,2686.36,one-year,female,0,0
17,50.73,908.14,two-year,female,0,0
17,100.3,1656.03,month-to-month,female,0,0
69,73.92,5149.99,two-year,male,1,0
34,51.13,1756.13,one-year,female,1,0
6,81.03,519.05,month-to-month,female,0,0
53,91.62,4835.06,two-year,female,1,0
66,47.26,3070.75,two-year,female,0,0
43,61.35,2662.05,two-year,female,0,0
23,32.19,773.75,one-year,male,0,0
55,38.11,2120.37,one-year,female,0,0
16,88.11,1374.07,two-year,female,1,0
8,38.14,330.49,two-year,female,1,1
4,72.52,316.96,one-year,male,0,0
4,90.9,379.47,two-year,female,1,1
56,30.69,1745.12,two-year,male,1,0
25,76.73,1952.87,one-year,male,0,0
67,45.66,3070.33,two-year,female,1,0
67,116.29,7750.47,two-year,female,0,1
27,68.35,1844.34,two-year,female,0,0
32,100.6,3176.94,one-year,male,0,1
50,75.02,3741.89,two-year,male,0,0
61,24.34,1475.53,one-year,male,1,1
51,83.32,4205.67,one-year,male,0,0
19,115.14,2172.55,month-to-month,male,1,1
21,80.16,1644.48,month-to-month,male,0,1
5,101.92,540.42,two-year,female,0,1
42,108.42,4598.44,one-year,female,1,0
61,42.81,2568.52,month-to-month,male,0,0
22,41.2,952.01,two-year,female,1,0
21,81.1,1705.32,month-to-month,female,1,0
70,61.1,4257.16,month-to-month,male,0,0
1,103.99,61.67,one-year,male,0,1
5,110.0,550.07,one-year,female,0,1
12,55.34,693.56,month-to-month,male,0,0
46,43.69,2030.31,month-to-month,male,0,0
34,98.05,3288.81,one-year,female,0,0
49,47.48,2283.84,two-year,male,1,0
45,102.26,4592.05,one-year,female,1,0
27,62.37,1663.62,month-to-month,female,0,1
26,86.75,2228.87,two-year,female,1,0
47,29.55,1367.12,month-to-month,female,1,0
56,82.39,4643.96,two-year,female,0,0
63,65.18,4149.06,month-to-month,male,0,0
48,78.66,3766.23,two-year,male,1,0
61,36.8,2285.5,two-year,male,0,0
26,93.69,2418.02,month-to-month,male,1,1
36,106.28,3823.71,two-year,female,0,0
1,41.67,14.28,one-year,female,1,1
8,29.57,250.62,month-to-month,male,1,1
52,22.36,1210.82,one-year,female,1,0
47,84.2,3967.62,month-to-month,male,1,0
56,80.71,4505.51,two-year,male,0,0
14,74.67,1060.16,two-year,male,0,0
28,43.19,1171.74,two-year,female,1,0
2,59.09,157.05,month-to-month,female,1,1
26,79.45,2065.95,one-year,female,0,0
14,69.68,970.41,one-year,female,0,0
59,118.78,7016.52,month-to-month,male,1,0
56,33.64,1896.54,month-to-month,female,1,1
7,89.51,583.78,one-year,female,1,1
3,60.43,199.56,one-year,female,1,1
23,62.82,1419.05,one-year,male,1,0
18,91.76,1673.07,one-year,male,0,1
38,89.24,3423.51,month-to-month,female,1,1
15,119.13,1817.28,month-to-month,female,0,0
64,32.84,2106.97,two-year,female,0,0
28,30.41,853.52,one-year,female,0,0
39,92.43,3569.21,two-year,male,1,0
57,77.84,4464.34,month-to-month,female,0,0
17,47.42,783.21,month-to-month,female,0,0
44,27.94,1229.11,two-year,female,0,0
25,28.57,692.57,one-year,male,0,0
17,109.42,1823.51,one-year,male,1,1
13,39.19,522.38,one-year,female,1,0
25,52.34,1263.86,one-year,female,0,0
68,42.67,2926.13,two-year,female,0,0
10,55.5,536.75,two-year,female,1,1
67,26.94,1755.15,month-to-month,female,1,0
18,71.91,1295.42,one-year,male,1,0
34,26.76,864.57,one-year,male,0,0
8,100.04,777.9,one-year,male,1,1
40,43.37,1755.55,two-year,female,0,0
42,74.0,3064.32,one-year,male,0,0
41,108.01,4462.26,two-year,male,1,0
6,85.09,460.91,one-year,male,0,0
52,73.3,3786.06,one-year,female,1,0
26,52.43,1387.36,month-to-month,female,0,0
64,53.3,3392.84,one-year,male,1,0
59,86.95,5090.16,one-year,female,0,0
56,119.41,6673.2,month-to-month,male,0,1
59,86.18,5061.89,two-year,male,1,0
70,75.78,5338.76,two-year,male,1,1
33,93.07,3052.48,one-year,male,1,0
53,66.52,3554.48,two-year,female,1,0
22,26.01,611.5,one-year,female,0,0
21,76.23,1594.21,month-to-month,female,1,0
70,115.76,8144.37,month-to-month,female,1,0
70,37.53,2614.85,one-year,male,0,0
4,89.0,402.41,month-to-month,female,1,1
62,40.09,2444.72,month-to-month,male,1,0
62,73.58,4580.83,one-year,female,0,0
24,29.67,711.4,one-year,female,1,0
55,65.04,3565.81,month-to-month,female,1,0
9,95.62,873.82,two-year,male,1,1
3,54.76,184.66,two-year,male,1,1
31,86.49,2631.66,one-year,male,1,0
40,99.54,3948.5,one-year,male,1,0
36,112.72,4079.14,two-year,female,0,0
24,43.46,1059.78,month-to-month,male,1,1
6,59.93,406.19,two-year,male,0,1
66,35.24,2352.05,two-year,female,0,0
4,119.25,522.07,two-year,female,0,1
6,112.7,696.45,two-year,male,0,1
51,74.0,3753.59,one-year,female,1,0
62,104.2,6421.14,one-year,male,1,1
57,72.1,4137.64,month-to-month,female,1,0
66,82.36,5450.08,month-to-month,male,0,0
8,28.91,186.12,month-to-month,male,1,1
26,95.53,2469.71,month-to-month,male,1,1
51,32.77,1717.02,two-year,male,1,0
45,102.61,4617.34,one-year,male,0,1
44,98.2,4314.2,one-year,female,0,0
5,90.87,450.14,month-to-month,male,1,1
70,23.62,1624.01,month-to-month,male,0,1
26,50.31,1295.0,two-year,male,0,0
68,46.31,3136.15,two-year,male,1,0
19,56.01,1019.49,month-to-month,male,0,0
20,28.76,602.04,one-year,female,0,0
12,113.7,1356.0,one-year,female,1,1
47,75.38,3575.09,one-year,male,0,0
1,50.55,85.59,month-to-month,female,0,1
14,59.7,806.97,one-year,male,0,0
64,64.72,4157.83,two-year,female,0,0
38,80.06,3039.49,two-year,female,0,0
37,71.57,2686.03,month-to-month,male,0,1
11,111.94,1202.91,two-year,female,0,1
3,69.7,226.87,month-to-month,female,0,1
33,119.22,3944.9,one-year,male,1,0
6,105.14,610.39,one-year,male,1,1
50,40.85,2006.21,one-year,female,1,0
10,113.06,1145.76,two-year,female,1,1
5,31.64,182.04,month-to-month,female,0,1
23,101.74,2321.7,one-year,male,1,0
10,58.06,595.11,month-to-month,female,1,1
44,107.8,4732.6,one-year,female,0,0
2,106.81,234.93,two-year,female,0,0
13,100.59,1277.62,two-year,male,0,1
40,99.0,3999.14,month-to-month,male,0,0
2,50.47,79.68,two-year,male,0,1
65,28.09,1812.75,two-year,male,1,1
63,60.3,3754.58,month-to-month,female,0,0
17,37.35,596.14,one-year,male,1,0
9,89.5,807.04,two-year,female,1,0
15,54.61,795.91,month-to-month,female,0,0
24,117.56,2855.01,two-year,female,1,0
38,84.1,3147.16,two-year,female,1,1
35,102.25,3566.59,two-year,male,0,0
49,33.25,1613.11,two-year,male,1,0
69,106.2,7279.83,month-to-month,male,1,1
62,112.28,6923.53,month-to-month,male,1,1
60,68.71,4113.74,month-to-month,male,0,0
50,80.63,4030.55,two-year,female,0,0
9,96.48,858.76,two-year,male,0,0
34,37.48,1277.55,two-year,male,1,0
35,70.26,2468.49,month-to-month,male,0,0
1,59.87,10.86,two-year,male,1,1
40,34.64,1381.91,one-year,female,0,0
64,56.75,3678.57,two-year,female,1,0
22,26.82,591.88,one-year,female,0,0
60,22.58,1372.63,two-year,female,0,0
64,33.52,2126.25,month-to-month,female,1,0
11,116.31,1306.83,two-year,male,0,1
14,74.95,1076.63,one-year,female,1,0
60,116.58,6997.06,one-year,female,0,0
30,63.25,1945.1,two-year,female,0,0
35,51.18,1753.91,one-year,male,1,0
37,70.61,2564.42,one-year,male,1,1
5,63.95,346.77,month-to-month,female,1,1
26,30.57,825.44,two-year,male,0,0
62,84.08,5175.14,two-year,male,1,0
4,41.6,142.97,two-year,female,0,1
42,81.96,3394.02,one-year,male,1,0
18,85.02,1509.69,two-year,male,1,0
40,35.2,1435.41,two-year,male,1,0
39,26.13,1021.06,month-to-month,female,1,1
14,98.08,1357.88,month-to-month,female,1,1
32,65.98,2098.54,month-to-month,female,1,1
51,25.82,1266.77,one-year,male,0,0
38,119.49,4520.47,two-year,female,1,0
23,25.78,607.54,month-to-month,male,0,1
63,89.5,5686.14,month-to-month,male,1,0
15,118.37,1810.22,month-to-month,male,1,1
25,43.92,1050.31,two-year,female,1,0
17,34.22,621.68,two-year,female,0,0
66,32.14,2149.46,two-year,female,0,0
53,50.33,2695.4,one-year,female,1,0
51,30.1,1531.13,one-year,male,0,0
39,89.22,3469.23,month-to-month,female,1,0
51,26.23,1317.98,two-year,male,1,1
70,70.94,4922.52,month-to-month,female,0,0
6,119.67,690.84,two-year,female,0,0
67,101.4,6768.26,two-year,female,0,0
7,81.52,569.06,two-year,male,0,1
51,50.63,2606.64,one-year,male,1,0
42,82.39,3457.74,one-year,male,0,0
64,72.7,4608.85,two-year,male,0,0
15,62.61,984.9,month-to-month,male,1,0
29,33.07,1003.33,two-year,female,0,0
33,108.66,3614.31,two-year,male,0,0
27,64.98,1803.55,month-to-month,male,0,0
36,39.46,1425.09,two-year,male,0,0
29,56.78,1692.78,month-to-month,male,1,0
38,61.41,2291.25,one-year,female,1,1
57,102.75,5843.53,one-year,male,0,1
27,93.36,2493.3,month-to-month,female,0,0
55,96.93,5300.76,one-year,female,1,0
33,21.1,660.48,one-year,female,0,0
68,61.62,4202.09,month-to-month,male,0,1
66,68.13,4525.0,one-year,female,0,0
10,21.92,227.02,two-year,male,0,1
5,45.98,194.6,two-year,male,0,1
38,96.03,3680.21,month-to-month,male,0,1
13,33.71,451.84,one-year,male,0,0
31,73.53,2268.28,two-year,male,0,0
47,41.52,1968.86,two-year,female,0,0
52,21.21,1079.02,one-year,female,1,0
56,44.12,2455.25,one-year,male,1,0
15,117.59,1805.56,two-year,female,1,0
29,100.15,2883.51,two-year,male,0,0
8,115.96,924.66,month-to-month,female,0,1
5,68.79,382.94,month-to-month,female,1,1
29,30.97,919.01,two-year,female,0,0
47,74.8,3471.63,month-to-month,female,1,0
68,65.44,4414.5,two-year,female,0,0
45,104.44,4650.39,two-year,male,1,0
2,29.81,72.71,month-to-month,male,1,1
27,68.82,1853.02,month-to-month,female,1,0
36,35.0,1223.6,one-year,male,0,0
36,52.47,1934.63,one-year,female,1,0
26,93.74,2440.09,one-year,male,0,0
43,67.6,2881.07,two-year,female,0,0
27,57.59,1554.96,month-to-month,female,0,0
69,59.45,4119.85,two-year,female,0,0
20,65.94,1276.52,month-to-month,male,0,0
11,98.5,1060.99,two-year,male,0,1
38,109.21,4180.62,one-year,female,0,0
6,115.53,689.17,one-year,female,1,1
23,98.69,2274.54,one-year,male,1,0
47,51.54,2415.69,two-year,male,1,0
46,88.81,4039.81,month-to-month,male,0,0
12,63.76,731.7,month-to-month,male,0,1
13,45.47,585.63,one-year,male,0,0
62,104.09,6424.32,one-year,female,0,0
60,23.84,1385.56,one-year,male,1,0
43,110.18,4771.94,one-year,female,0,1
68,66.15,4546.17,month-to-month,female,1,0
5,83.72,447.92,two-year,male,0,1
37,85.94,3214.99,two-year,male,1,0
31,109.51,3369.06,two-year,female,0,0
9,83.67,799.07,two-year,male,1,1
51,81.39,4120.75,one-year,female,0,0
29,26.67,818.43,one-year,male,1,0
40,71.84,2923.11,one-year,male,0,0
41,35.02,1456.87,two-year,male,1,0
11,93.74,1079.29,one-year,female,1,1
23,71.22,1645.06,one-year,male,0,0
1,88.02,63.98,month-to-month,female,1,1
46,24.17,1105.39,month-to-month,male,0,0
21,28.48,607.42,one-year,female,0,0
36,91.63,3256.07,month-to-month,male,0,1
54,27.21,1481.49,month-to-month,female,1,1
57,27.13,1594.28,one-year,female,1,0
1,21.21,-9.78,one-year,female,0,1
63,115.65,7315.22,one-year,female,0,0
54,93.75,5103.34,one-year,female,1,0
55,55.33,3087.25,two-year,female,1,0
40,49.65,2032.16,two-year,male,1,0
15,54.97,826.7,one-year,female,0,0
21,97.47,2094.5,month-to-month,female,0,1
47,86.14,4074.17,one-year,female,0,0
53,38.52,2007.7,one-year,male,0,0
9,37.41,334.39,month-to-month,male,0,1
52,29.84,1573.49,two-year,male,1,0
57,86.03,4878.46,one-year,female,0,0
26,96.44,2521.43,one-year,male,1,1
41,46.5,1923.35,two-year,male,1,0
35,22.09,739.58,two-year,female,0,0
63,28.22,1784.19,month-to-month,female,1,0
25,116.79,2946.81,two-year,male,0,0
38,49.54,1882.58,two-year,female,1,0
2,96.92,145.05,two-year,female,0,1
7,82.47,528.17,month-to-month,female,0,1
34,58.19,1964.3,two-year,female,1,0
17,40.57,732.29,two-year,male,0,0
43,32.14,1354.83,month-to-month,female,1,1
59,81.5,4822.01,two-year,male,0,0
51,97.46,4942.84,two-year,male,0,1
54,84.39,4539.25,month-to-month,male,0,0
24,73.03,1787.53,one-year,male,1,0
25,24.2,627.76,month-to-month,female,1,1
71,116.85,8255.81,two-year,female,0,1
52,99.87,5186.18,two-year,female,1,0
70,49.28,3402.67,two-year,male,0,0
33,118.0,3891.99,month-to-month,male,1,1
49,80.19,3945.46,two-year,male,1,0
29,78.24,2230.88,two-year,female,0,0
63,94.81,5951.75,month-to-month,male,0,0
22,101.18,2215.68,one-year,female,0,0
26,85.65,2268.8,one-year,female,0,0
28,32.81,967.99,two-year,female,0,0
49,53.83,2592.0,month-to-month,female,1,1
71,112.81,8035.49,two-year,male,1,0
49,42.46,2067.79,month-to-month,female,0,0
20,57.22,1133.58,month-to-month,male,0,0
63,63.21,4007.51,one-year,female,0,0
61,63.94,3942.21,one-year,male,1,0
49,81.29,4028.5,month-to-month,male,0,0
71,114.31,8123.55,two-year,female,0,0
1,44.07,29.78,one-year,female,1,1
13,32.15,446.71,two-year,female,1,0
51,39.75,2002.2,one-year,male,1,0
56,108.69,6093.19,one-year,female,1,0
62,84.58,5229.88,two-year,female,0,0
32,48.59,1570.56,one-year,male,1,0
30,101.59,3021.88,one-year,female,1,1
29,106.14,3047.13,two-year,male,0,0
49,104.65,5169.74,one-year,female,0,0
45,111.89,4995.35,one-year,male,0,1
30,45.22,1357.32,one-year,male,1,0
16,95.5,1500.15,two-year,female,0,0
40,66.05,2596.05,month-to-month,male,1,1
19,104.2,1933.4,two-year,female,1,1
18,92.85,1638.81,month-to-month,female,1,1
1,97.64,134.32,one-year,male,0,1
47,85.62,4002.21,month-to-month,female,1,0
66,37.74,2536.08,two-year,male,0,0
38,74.5,2839.26,two-year,male,0,0
51,118.47,6035.48,one-year,male,0,0
63,113.74,7173.55,month-to-month,male,1,1
4,24.32,98.94,one-year,male,1,1
1,36.48,62.36,one-year,male,1,1
8,33.17,243.63,two-year,male,0,1
29,92.6,2670.65,month-to-month,male,1,1
55,101.78,5637.23,month-to-month,female,1,0
3,41.35,168.7,month-to-month,female,1,1
32,70.59,2297.98,month-to-month,male,1,0
10,104.07,1032.65,one-year,female,1,1
34,93.28,3199.56,one-year,female,0,0
55,74.22,4079.94,two-year,female,0,0
32,79.03,2528.87,one-year,female,0,0
50,70.84,3512.27,one-year,female,0,0
7,49.75,357.4,two-year,female,1,1
8,76.5,580.63,two-year,male,0,0
65,88.89,5760.91,two-year,female,1,0
57,107.33,6153.44,one-year,female,0,1
67,83.63,5573.86,one-year,female,0,0
59,96.11,5627.73,two-year,female,0,0
54,36.01,1901.29,two-year,male,1,0
67,66.16,4476.51,two-year,male,1,0
51,20.93,1068.28,one-year,male,0,0
8,44.67,348.28,one-year,male,1,1
34,92.65,3181.06,month-to-month,female,0,0
35,119.18,4204.92,one-year,male,0,0
32,29.92,940.59,one-year,male,0,0
